Username,Displayname,Firstname,Lastname,Password,Container
baloo,Baloo,Baloo,Bear,Password@123,"OU=blue,OU=higherforhire,DC=talespin,DC=local"
kit,Kit,Kit,Cloudkicker,Password@123,"OU=blue,OU=higherforhire,DC=talespin,DC=local"
becky,Becky,Becky,Cunningham,Password@123,"OU=blue,OU=higherforhire,DC=talespin,DC=local"
molly,Molly,Molly,Cunningham,Password@123,"OU=blue,OU=higherforhire,DC=talespin,DC=local"
wildcat,Wildcat,Wildcat,Panther,Password@123,"OU=blue,OU=higherforhire,DC=talespin,DC=local"
don,Don,Don,Karnage,Password@123,"OU=pirates,OU=higherforhire,DC=talespin,DC=local"
maddog,Mad,Mad,Dog,Password@123,"OU=pirates,OU=higherforhire,DC=talespin,DC=local"
dumptruck,Dump,Dump,Truck,Password@123,"OU=pirates,OU=higherforhire,DC=talespin,DC=local"
gibber,Gibber,Gibber,Mumbler,Password@123,"OU=pirates,OU=higherforhire,DC=talespin,DC=local"
hacksaw,Hack,Hack,saw,Password@123,"OU=pirates,OU=higherforhire,DC=talespin,DC=local"
shereKhan,Shere,Shere,Khan,Password@123,"OU=khanindustries,OU=higherforhire,DC=talespin,DC=local"
louie,Louie,Louie,Orangutan,Password@123,"OU=khanindustries,OU=higherforhire,DC=talespin,DC=local"
debolt,Debolt,Debolt,Doctor,Password@123,"OU=khanindustries,OU=higherforhire,DC=talespin,DC=local"
