Username,Displayname,Firstname,Lastname,Password,Container
Baloo,Baloo,Baloo,Bear,Password@123,"OU=blue,OU=higherforhire,DC=talespin,DC=local"
Kit,Kit,Kit,Cloudkicker,Password@123,"OU=blue,OU=higherforhire,DC=talespin,DC=local"
Becky,Becky,Becky,Cunningham,Password@123,"OU=blue,OU=higherforhire,DC=talespin,DC=local"
Molly,Molly,Molly,Cunningham,Password@123,"OU=blue,OU=higherforhire,DC=talespin,DC=local"
Wildcat,Wildcat,Wildcat,Panther,Password@123,"OU=blue,OU=higherforhire,DC=talespin,DC=local"
Don,Don,Don,Karnage,Password@123,"OU=pirates,OU=higherforhire,DC=talespin,DC=local"
Maddog,Mad,Mad,Dog,Password@123,"OU=pirates,OU=higherforhire,DC=talespin,DC=local"
Dumptruck,Dump,Dump,Truck,Password@123,"OU=pirates,OU=higherforhire,DC=talespin,DC=local"
Gibber,Gibber,Gibber,Mumbler,Password@123,"OU=pirates,OU=higherforhire,DC=talespin,DC=local"
Hacksaw,Hack,Hack,saw,Password@123,"OU=pirates,OU=higherforhire,DC=talespin,DC=local"
ShereKhan,Shere,Shere,Khan,Password@123,"OU=khanindustries,OU=higherforhire,DC=talespin,DC=local"
Louie,Louie,Louie,Orangutan,Password@123,"OU=khanindustries,OU=higherforhire,DC=talespin,DC=local"
Debolt,Debolt,Debolt,Doctor,Password@123,"OU=khanindustries,OU=higherforhire,DC=talespin,DC=local"
